{
  "id": "931c4d2a-b4eb-459b-b2c5-42da6f29e01f",
  "name": "MTF_Strategy_G3_8",
  "generation": 4,
  "parent_ids": [
    "207ad507-85a5-42c7-a612-187ec59d8867",
    "ffe351eb-3264-4089-9c6d-d81eb140cd4c"
  ],
  "timeframe_weights": {
    "1m": 0.10375920424648552,
    "5m": 0.3507571260622382,
    "15m": 0.13123780833003165,
    "1h": 1.3140159477630693,
    "4h": 1.273059936955353,
    "6h": 1.2481854622205264,
    "12h": 1.1830251859395662,
    "1d": 0.6917940103173907,
    "1w": 0.7480222455451806,
    "1M": 1.045538452387649
  },
  "indicators": {},
  "risk_params": {},
  "entry_conditions": {},
  "exit_conditions": {},
  "min_timeframe_alignment": 7,
  "confluence_threshold": 0.8599390519287244,
  "preferred_assets": [],
  "asset_correlations": {},
  "mutations": [
    {
      "timestamp": "2025-05-27T03:05:49.394281",
      "type": "parameter_mutation",
      "changes": {
        "timeframe_weight_5m": {
          "old": 0.3382657841206288,
          "new": 0.3507571260622382
        },
        "timeframe_weight_1M": {
          "old": 0.9426287861490228,
          "new": 1.045538452387649
        }
      }
    }
  ]
}